도서관코드,도서관_부지면적,도서관_건물_연면적,도서관_서비스_제공면적,총좌석수,어린이_열람석,노인및장애인_열람석
2030111007,538.2,321,283.8,75,48,0
2030111012,502.2,750.06,575.66,103,98,0
2060141162,7160,3078,2218,136,60,0
2060111000,30145,2278.75,1348.42,474,98,7
2060111042,486,965.95,682.67,121,33,0
2060125007,1488,2706,1281,515,66,8
2060141284,3212,4454.17,1778.93,287,122,2
2060111092,1914.59,2678,1006.99,95,25,4
2060123011,1530,475.2,351.3,92,30,5
2060143024,2201,1331,1030.4,160,40,20
2060141023,12169,3351,1874,508,36,1
2060147006,3000,308,280.5,12,0,0
2060143026,1626,1140,563.4,114,44,2
2060111067,303.33,521,398,74,13,1
2060111018,1305,886.43,798.53,155,74,7
2060823014,14760.8,1665.28,1029,283,70,1
2060123028,1760.2,2998.31,906.71,250,85,2
2060147038,9500,8273.27,4611.58,740,60,0
2060144001,2825.2,2741.4,1271,249,35,0
2060141130,1650,1347,807,200,21,4
2060142020,2990,917,378.58,120,30,0
2060125023,808.8,2029.25,640.93,166,37,2
2060141282,18553,2621,1418,217,70,1
2060141034,5027,9965.63,4873,909,108,13
2060141201,1022,958,401,100,36,4
2060121028,5714,1045.92,961.35,160,70,2
2060141096,7000,8547,2322.63,568,125,6
2060125022,2486.4,916.11,332.7,158,25,2
2060125011,2967,1496.13,867.46,115,33,8
20601110046,1508.53,923.67,799,194,62,3
2060121019,532,1772.63,1141.97,419,96,1
2060141265,6987,481,332,63,35,0
2060121027,3447,4787.78,1986.7,241,84,3
2060121008,8025,8466,3156,731,84,2
2060121009,3370,2513.75,1291.45,352,70,16
2060123018,215.3,452.66,404.08,96,50,4
2060121002,7033,5259,2505,516,140,3
2060142039,1058,962.18,503.44,126,22,1
2060131014,582,954.01,564.89,174,45,0
2060141217,20322,3382,2123,341,60,9
2060123022,179.22,378.14,178.4,60,20,0
2060148011,1702,1054,548.45,222,40,0
2060125019,7523,3355,2010.49,259,56,6
2060141179,190,285,164,53,24,0
2060111013,1767,573.62,444.44,129,29,2
2060141203,4736,1910,991,205,46,1
2060121013,1657,3521.6,1945,419,44,8
2060147037,8121,1333,596,212,87,5
2060147007,926,668.7,408.78,54,24,0
2060111033,727.8,1945.86,1722.89,351,57,1
2060141199,2091,997.25,564,99,8,0
2060141240,9141,995,762,108,56,1
2060111014,6070.9,570.09,539.73,139,61,1
2060141160,1499,1370,1300,125,53,3
2060141079,949,1826,1130,140,40,0
2060121003,15343,2462,1178.84,183,67,5
2050149004,6325,2077.46,1422.95,155,27,2
2060148008,14793,3622,1972,267,26,1
2060123009,1650,1601.4,1417.98,246,32,14
2060141289,4083,3780,1308,227,57,1
2060125014,999.9,2367,699,340,60,10
2060111077,947,2281,1273.04,448,161,11
2060121004,2300,3315,1234,434,112,1
2060141274,4145,1612,536,109,52,8
2030141007,26541,2002,1266.92,255,50,3
2060121011,678,930,630.2,150,13,1
2060131011,3787,2103.77,1100.42,220,100,1
2060143008,1311.6,1411.59,1311,62,12,0
2060148028,2652,4266,1196.6,596,64,4
2030145001,2838.4,594.57,299.2,85,15,0
2060142024,11639,3859.32,2042.2,401,80,2
20601110019,4479.8,1057,965.88,168,24,8
2060111037,1446,1796.44,1344.92,249,28,2
20601110024,802.53,339.84,286,60,30,2
2060121006,991,890.59,520,117,82,0
2060141228,2446,956.06,570.27,276,52,1
20601110013,635.2,379.72,270.9,78,27,4
2060123003,1203,923.4,920,42,0,0
2060141194,4200,6638,3644,578,74,2
2060141137,87722,4323.44,1076,437,98,5
2060141174,480.1,740.2,411,104,16,0
2060143006,1006,991.32,440.58,60,27,0
2060123016,3130,1450.47,857.67,227,84,3
2060121025,10381.3,16305.44,8304.08,1196,200,12
2060147034,680,1419,643.35,216,28,3
20601110022,1497,2726.47,1860.36,255,49,3
2060122019,680,822.52,491.9,80,50,0
2060121010,6634,3650.93,1641.44,360,57,2
2060145039,4347,986.14,845.02,80,44,0
2060143036,802,2569.13,1701.96,130,70,2
2060123013,1048.4,1592.1,798.44,213,21,4
2060143030,616,546.56,515.26,80,40,0
2060146019,4221,2383,1980,494,110,5
2060111074,1012,2466.45,897.25,236,70,3
2060148003,11880,3481,1302,548,100,2
2060124013,1224,1722,937.07,156,39,4
2060141187,5435,6813,1854,480,91,1
2030122001,924,357,330,48,12,0
2060141262,8609,2887,1656,339,70,1
2060142037,436,854,711,173,25,0
2060123008,1598,1051.26,479.85,131,29,14
2060111078,18711,9499,2872,270,0,17
20601110009,893.5,364.43,364,83,22,11
2060123021,582.2,1905,1126,157,34,1
2060823013,839.9,1455.9,648,196,22,2
2060125028,5400,2308.82,1554.16,261,91,0
2060147033,2166.6,960.13,410.88,124,15,2
2060141184,2470,1082.57,591,262,30,0
2060111051,869.2,2339.93,1354.77,285,53,1
2060144034,3391.9,1157,724.03,89,68,2
2060141260,10628,2592,842,158,75,1
2060148024,8162,4943,1269,356,55,6
2060141055,9557,2071,1134,148,62,0
2060123020,1929,2092,1169,244,55,4
2060142002,2401,968,430,89,12,0
2060141191,1750,7642,3747.28,939,120,10
2060123012,1200,1982,852,450,70,3
2050149002,4397,1551,835,280,30,1
2060125020,3668,1983,1026,171,80,9
2060147032,2745,2031,1114,320,134,33
2060141207,497.4,546.78,500,133,20,0
2060124006,1888,1993,0,254,80,6
2060123015,1007,1668.73,606.61,147,44,2
2060124019,34505.3,3520.62,2241.7,356,90,3
2060823015,764.7,1347.68,865.42,148,80,1
2060145031,1430,2793,2439,451,64,17
2030122009,925,990,660,60,0,0
2060125012,3668,2724.57,1232.25,231,142,0
2060149007,3599,1501,1012,181,37,16
20601110018,519,598.98,216,47,20,0
2060141258,3449,548,365,62,26,1
2060124016,4798,1160.05,707.1,90,40,2
2060141113,1113.4,2184.77,988.96,231,36,1
2060141056,7320.9,3183.92,2460.5,200,67,4
2060144026,1197,1802.5,994.98,145,47,0
2060141133,5000,4245,1968,326,109,2
2060111036,3382,588,363,98,16,10
2060141244,1131,3228.71,1314.5,420,78,2
2060121014,1750.2,2016.98,1245.91,193,91,13
2060141085,4247,1321,1212,85,13,1
20601110039,451.69,436.47,370.28,78,25,8
2060141283,808,2307,656,140,68,1
2060121005,2985.43,2985.43,1817.43,408,43,3
2060146018,6654,2457,1879,330,60,5
2060141107,2566,1580,885,197,25,1
2060143007,1156,679,354,40,12,0
2060123030,29552,1840,836.71,96,0,8
2060121033,903,1882.03,1447.5,198,50,1
2060131012,32680.7,15176.65,6178.36,839,221,34
2050131004,9865,4441.76,2303.77,293,89,16
2060142023,4695,821.99,770.99,136,24,24
2060111034,701.1,1978.02,1124.22,181,77,4
2060141150,2260.84,1607.84,907,280,77,1
2060141229,3938,304,293,58,10,5
2060125025,1456,3584.76,993,323,51,12
2060125009,29063,2465.82,1119,157,26,2
2060123035,330.4,726.53,343.3,104,35,1
2060125015,1041,1010,509.58,104,71,1
2060123019,17043,1683,737,250,21,26
20601110010,605.9,313.74,293.22,63,25,4
2060124012,3304,2844,1042,362,100,8
2060148016,16529,6825,3337,578,46,1
2060141121,4543,1483.1,1431.5,86,44,1
2060125027,711.3,1455.69,800.11,227,34,1
2060141219,2151,1287,607,121,70,0
2060121016,8000,7371,2760,637,132,29
20601110006,565,283.31,225.7,53,18,0
2060144036,6043,1762,952,141,47,0
2050149005,4889,2040.57,1478.04,100,20,1
2050149001,24788.6,6189.63,4162.98,777,400,2
2060141119,1295,942,660,113,49,1
2060111072,801.7,752.73,580,210,110,41
2060144037,4007,991.12,743.62,133,81,1
2060124017,2619.6,2914.44,1709.07,344,98,3
2060121026,971.8,893.96,647.96,94,50,9
2060144033,897,698.28,462,100,30,4
2060125021,1913,2590.82,983,280,38,10
2060148007,1882,4440,1090,431,50,2
2060146038,21755,1779,799,102,8,4
2060141145,2590,8509,2433,647,135,9
2030142002,323.4,270.78,223.8,60,30,5
2060124007,1500,1997,1183.62,323,60,6
2060111015,1178.9,348,329.02,72,15,8
2060111091,423,461.86,417.41,124,40,12
2060123017,760,1083.02,693.85,149,61,0
2060111056,891,450.05,399.3,59,16,3
2060141148,4427,3012,1615,260,66,1
2060144027,563.74,563.74,358.59,50,18,4
2060144040,31146,12172,6225.53,811,100,9
2060148015,10362,5868,2290,540,80,1
2060147008,1155,994.68,678.66,115,12,0
2060141204,3939,271,261,66,15,0
2060149002,15897,4998,3513,979,214,16
2060142043,1683.67,1481.78,866.14,188,59,1
2060141271,3870,1157,688,109,36,9
2060141221,3870,279,270,60,27,7
2060149012,5840,2039,420,148,17,8
2060111065,268.66,521.1,267,124,12,1
2060121030,10963.2,1897.8,1307.57,199,44,2
2060149009,5852,1048.81,649.1,104,36,9
2060141149,2382,1654,895.95,230,117,0
2060141220,6204,2053,1448,219,82,10
2060141090,1000,3919,2777,309,51,52
2060141128,3606,1998,1884,145,40,5
2060125016,2209,932.08,618.1,80,44,4
2060141068,596,2659,121.56,113,25,2
2060111071,509.5,937,606.94,150,40,2
2060121012,1983.5,3859.39,1863.76,767,132,12
2060148021,3846.32,3174.62,926.75,220,50,6
2060123005,2257,1505.6,752.66,281,33,19
2060141277,2215,872.35,784.09,148,46,0
2030111008,805.71,805.71,493,81,30,0
2060125008,4887,3877,1315,591,80,12
2060141215,1128,1942,971,200,5,0
2060146017,4527,3638,1990,348,130,10
2060132008,8057,1067.82,555.62,208,26,0
2060141108,3958,1665,701,129,31,2
2060111082,9678.69,1746.84,1280,436,76,30
2060122003,10454,3702,2107,400,150,8
20601110059,406.82,406.82,267.36,60,15,0
20601110047,1245,6492.72,2875.28,256,61,23
20601110052,1435,4456.3,1680.15,161,89,4
2060111035,476,476,395,113,16,0
2060148013,2238,1223.47,661.25,59,58,1
2060132015,6781,2485.98,1312.26,182,60,0
2060132011,10763,1150,775.55,226,80,0
2060132005,1506.23,1506.23,837.14,211,21,30
2060132002,11158,1779.23,688.7,169,46,0
2060111093,626.9,265,229.88,60,30,0
2060141144,1808,944,891,125,60,0
2060142038,30315.9,2979.28,2128.36,380,98,14
2060132013,7917,1286.12,770.21,136,20,6
2060132007,11695,1055.48,552.74,150,40,0
2060147024,3091,2004.9,1207.32,54,16,2
2030141001,7929,542,542,52,2,3
2060141280,643.3,997.05,962.57,142,40,2
2060132006,8086,1333.42,944.39,156,40,0
2060142042,3015,2815.83,2098,365,99,35
2050149006,30093,2613,1701,69,38,6
2060143031,3732.5,2577.76,2113.65,315,122,1
2060132009,8196,2275.29,989.97,232,100,2
2060141235,4624,2999,2346,81,25,1
2060121007,5661,4290.38,2361.79,246,46,2
2060141253,5919,398,382,46,10,0
2060125026,609,995.61,605,90,21,2
2060132003,11820,1735.64,713.67,184,78,0
2060111011,1398,2016,106,155,0,7
2060131009,854.1,854.1,718.3,78,30,2
2060111070,618,1557.4,922.3,190,43,12
2060141290,3036,2596,1480,199,59,1
2060143017,13974,3374.56,1527.51,301,70,3
2060122020,790,757,443,62,35,1
2060141170,861,783.28,755.92,194,54,0
2060125024,4782,3887.84,1367.52,202,40,4
2060146033,2409,2339,1116,377,156,1
2060111021,1088,332,311.87,70,12,1
2050143005,9506.4,1931.04,1121.76,231,48,0
2060149008,9311.4,1231.02,733.98,180,70,18
2060132004,8109,1281.47,514.5,196,24,0
2060111022,1154,327.44,282.44,98,44,1
2060124021,2650.1,2494.95,1246.65,135,26,0
2060148043,6363.3,4484.79,2053.01,291,92,31
2060141140,1012,2893,1058,338,42,0
2060123004,1053,1248,709.79,115,43,2
2060111050,1315,3006.87,1329.95,297,28,3
2060132001,2640,924.78,595.97,91,35,0
2050149003,4274,2194.63,607.29,167,29,0
2060123027,2929.3,1490.82,923.21,200,100,15
2060132014,9925,1736.09,1026.01,233,50,0
2060141226,1735,4255,1702,621,87,1
2060111023,3260.7,481.6,438.3,81,17,4
2030141004,1848.33,417,417,137,0,0
2060122026,812.6,1692.18,812.2,95,40,2
2060131002,701.8,952.69,36.3,188,70,0
2060111089,467.95,467.95,330,100,70,0
2060131015,680,881.64,455.63,80,40,1
2050142003,8678,5226,2752,521,52,0
2060111079,623.17,541.16,361.95,53,47,6
2060123002,1528.1,2190.29,2190,247,25,5
2060111059,669.84,464.1,454.99,54,30,0
2060148038,14226,7869,3520,468,92,16
2060147019,4343,3182.75,1301.18,512,49,1
2060147004,8378,3295.5,1722.35,304,95,18
2060147005,710,492,300,58,6,0
2050142022,1481,707.71,382.2,86,18,0
2060142021,3820,1499.62,944.35,190,26,0
2060148018,1119,499.03,390,60,28,0
2060132010,8243,1116,654.4,144,44,4
2060145023,977.3,1070,615,175,0,0
20601110065,1739,1739,1241,222,72,0
2060148002,9122,3753,1269,415,40,10
2060146014,1526,1043,447,60,35,3
2060111010,4500,4801.94,3095,367,60,9
2030146001,14977,330,330,60,20,5
2060146049,850.6,1755,1052.72,150,120,0
2060146046,7128.8,1258.9,794.6,95,45,2
2060146044,810.3,1309.26,844.51,89,27,2
2060146011,3077,1659,907,219,140,14
2060146010,8711,3751,2207,314,7,1
2060111004,3499.88,7283.1,3591,674,106,4
2060144024,7863,1386,1078,200,42,2
2050143011,3123,1874,863,340,20,8
20601110071,2917.05,1444,746.22,173,28,1
20601110004,325.23,515.14,354.92,63,20,2
2060145017,2450,5736.22,1956.22,255,94,1
2060111028,351,694,490,94,20,6
2050143014,3344.1,1584.51,636.58,238,74,0
2060146023,2410,1079,470,60,30,20
2060145009,5410.1,5005.91,2703.6,513,45,1
2060147009,17880,7278,2715,759,84,20
2060148039,12228.7,3280,1640.45,248,16,0
2060146009,2010,1215.03,531.86,249,16,2
2060123034,41789,2378.44,1423.04,186,49,8
2060145022,1170,1046,985,184,62,3
2060121024,1000,714.01,407.33,183,40,1
2060111026,17946,6526,3024.91,683,58,10
2060146024,1143,1165,583.56,70,40,20
2060144005,1961.8,1441.86,803.3,235,44,0
2060144006,2911,1511,661.74,115,25,0
2060144043,12405,3328.18,1663.56,253,65,1
2030121002,108.9,278,200,44,10,0
2030141006,544,1085,852,260,47,4
20601110050,1602,1028,937,80,18,0
2050143015,2245.6,1394.6,841.07,200,39,0
2060111075,1650.64,829.13,737.97,191,102,1
2060122023,494.9,927.73,551,89,15,3
2060122009,1954,2007.68,1203.08,215,74,13
2060121015,1022,956.38,545.65,179,38,0
2030122008,2338,266,266,91,40,5
2060123033,2876,1147.89,1059.76,216,70,8
2050142011,4085,2904.3,1668.58,211,58,36
2060142033,680.1,488.2,371.2,71,20,2
2030111011,502.2,762.65,471.51,92,46,1
2060148012,6840,7397,2137.72,526,192,6
2060148010,5173,2130,1111,316,40,1
20601110016,10754,11234,4430,741,250,16
2030121003,1026,330,300,60,20,0
2030111004,756,2042,2042,297,60,0
2050142008,609.4,1604.4,1067,160,52,20
2060111052,544.48,544.48,355.7,60,26,1
2060146001,9814,5774,1935,292,46,12
2060146043,2476,935.04,331.38,90,20,0
2060146020,13790,1300,1300,150,50,4
2050142007,859,797.35,737.35,139,39,0
2060124004,18267,1250,786,320,28,1
2050143006,2182,807,504,41,14,1
2060148006,5379,5907,2875,619,64,3
2060142047,915,1434.54,808.67,245,14,0
2060144009,8404,3717.3,2381.97,741,116,35
2060144010,3355,448.09,299.54,50,8,0
20601110069,3350.7,656.97,410.17,80,30,0
2050143007,2126,1776.1,1007.26,142,40,0
2060143032,19000,2002,1708,150,50,15
2060121001,7471,3418,1164.85,255,63,10
2050121013,1071.9,785,701,256,45,0
2060145019,2478,1379,759.24,231,50,10
2060111083,822.2,1724.86,725.67,139,83,3
2060142017,1358,1327.97,890,187,36,2
2060148044,7654,5270.63,3065.96,226,48,2
2050142005,5002,3682,2081,199,101,10
2060142012,3280,1160,954,170,18,1
2060142013,2635,1732,1079,239,44,5
2060144020,1655,772.2,393,80,15,1
2060147046,5348,3780,1705,130,60,4
2060122024,663,650.7,269.6,24,23,0
2060124022,10424,913.05,362.28,118,0,0
2060144011,10357,2612,1564.98,439,34,6
2060123029,19468,1772.58,863.33,312,200,14
2060111002,1894,5692,3515.8,548,116,16
20601110037,1409.02,1409.02,935.91,192,79,4
2060111009,2468,6667,1756,450,98,5
2060149010,6723,2115,874,167,33,4
2060132012,6766,10097.4,5063.74,586,194,6
2050142009,2757.3,1603.84,1010,192,66,10
2050142004,7642,3049,1820,166,50,2
2060142032,4400,2651,1712,240,40,2
20601110014,914,914,697,140,60,2
2060145034,2162,1481,1000,67,0,4
20601110049,1226,468,282,64,0,1
2060146025,2717,1135,1116,88,20,3
2060111027,1509,840.95,840.95,143,24,2
20601110035,522,687.48,517.96,149,52,2
2060149011,3306,1838,467,150,20,2
2060121020,524.6,993.41,542.18,84,54,10
2060141020,9975.7,7314.12,3491.71,902,90,16
2050142020,2901,2565,1318,658,75,2
2050142010,4598,1525,992,189,48,4
20601110029,1089.78,970.78,676.99,248,144,4
2060141180,3388,2299,1182,230,60,0
20601110048,1865,5666,2311.9,388,171,107
2060141057,1655,1451,761.76,150,22,2
2060143019,2145,534,283.76,114,10,0
2060111095,327.66,458.08,356,86,10,1
2060123038,1334.6,2274.88,1937.57,300,70,4
2060123014,1298.2,2598.82,1000,400,86,50
2060131006,1049,996.65,592.66,124,36,0
2060146021,5302,1789.57,1116.97,153,40,1
2050143009,5102,1650,1082,250,40,0
2050142015,1600,1454,736.99,96,36,0
2060142014,2049,694.8,347.4,67,10,1
2060147015,9470,1338,748.59,296,48,6
2060147045,1618,2053,1103,196,100,0
2060147016,12857,4392,2510.78,601,70,2
2060144031,97858,2045,1260,190,50,3
2060143025,9368,8338,7515,139,46,6
2060146012,1811,1479,755,231,68,15
2060141236,22510,4938,2219,300,70,10
2050143008,1703.7,1834.95,1557.3,277,70,0
2060143016,4456,2864.97,1558.5,272,36,24
2060146022,1524,1646,916.7,100,50,20
2060141024,8643,4461,1821,511,84,4
2050131002,3259,4479,3217,946,76,27
2050131003,14076,3375,2399.15,654,124,13
2060131013,2359,3405,787,137,38,1
2060147030,20073,2394.36,1325.12,108,20,8
2050142002,22613,10997.04,4811,807,160,11
20601110070,284,596.11,461.61,80,14,0
2060141281,1721,3205,1687,400,122,17
2060111007,8013,5060,2611.8,688,57,42
2050143013,1540,1354,1258,250,100,10
2060143009,1311,1360.67,856.2,150,53,1
2060147022,1177,1228.68,750.6,253,15,2
2060141206,2000,792,419,116,21,1
2060124014,3306,2900,1324.86,274,76,10
2060141045,5711,3296,1655,473,29,14
2050142021,496,1116,496,93,12,10
2060145042,2345,1424,983,100,20,20
20601110040,1650,2999.82,1087.7,291,164,1
2060145012,2598,1380.34,945,100,12,0
2060145025,101302,866,578,132,45,0
2050142017,905,1403,601.8,109,28,0
2060142046,9434,3119,1147,22,0,0
2060143004,15331,2800.36,1158.2,244,118,1
2060143005,344,964.92,407.34,102,0,0
2060121032,3239,4236.42,2632.07,229,40,1
20601110034,1372.69,1753.41,1417,250,128,2
2050143004,1024,780,570,130,10,0
2060142031,2458,889.41,487.54,60,9,5
2050143012,2834.6,1563.42,643.15,263,90,23
2060143022,3020,3472,1734.65,273,150,20
2060123036,1995,1189,782,121,30,1
2060147027,2567,1604.53,730.63,135,0,2
2060148022,20044,6580.88,1903.05,222,33,1
2050143010,1320,1197.95,782.2,215,33,13
2060143021,33380,6110,3823,372,32,30
2060148001,17382,5497,2801,494,82,3
2060144028,985,985,818,265,30,3
2060144029,16437,6662,2964,800,160,4
2060144022,2803,1584.65,807.77,303,26,2
2060144030,12252.8,5390,2491,697,69,7
2060144014,5631,4792,2292,507,56,4
2060144021,3727,4824,3032,530,77,2
2060144044,4411,2112,1185,272,56,15
2060144041,3219.5,6263,2561,705,153,2
2060142019,2633,1568.5,939,305,88,1
2050142018,4320,1140,730,124,30,2
2060142018,1919.94,1579.36,542,164,70,19
2060111094,1238.5,744.82,502.46,130,40,2
2060143028,12528,4052.13,1650.03,329,66,7
2060143034,7850,1628.5,511,159,26,0
2060143014,3807,2681,1333,227,32,4
2060143018,2365.5,2692.28,1688.98,195,72,5
2060143001,11040.5,5364.91,2588.13,641,90,3
2030143001,51579,1831.32,1831.32,333,32,8
2060143013,2739,1781.09,1158.56,93,42,2
2060143011,6896,2623.63,1623.16,300,45,11
2060143012,2950,2480,1033.46,133,96,1
2050142006,1300,1147,685,213,32,10
2050142001,8180.2,11643,4485,289,101,2
2060142003,2809,1041,669.4,76,48,0
2060142004,2572,1097,927,88,20,0
2060142006,2700,973.12,424,40,8,0
2060142001,19040,7701.63,4276,539,230,12
2060143002,13372,7298,3095,580,118,5
2060147029,2449,2208,1745.51,362,57,3
2060145038,1917,4262,3501,530,34,8
2050142012,2568,1068.74,691,126,25,0
2060142011,1293,1159.64,790.61,184,35,2
2060142022,1974,1261.92,745.8,130,51,0
2060148026,564.51,1693.84,1269.75,362,40,1
2050142016,1289,911.94,556,73,12,0
2030111003,970.9,595,595,70,0,0
2030122002,370,286.91,219.6,60,10,0
2060123032,7039,1019,896,148,18,4
2060146030,4481,2621,1208,103,15,10
20601110060,2450,908.16,557.2,119,34,1
2060146027,21813,2271,1599,284,118,20
2060144035,3450,930.78,413,211,27,0
2060111073,474,697.28,374.33,36,14,0
2050142013,1440,1874.7,1130,266,48,0
2060142040,1100,696.1,540.7,46,20,0
2060142028,10158,2215.83,1040.65,138,12,24
2060146037,5222,1556,1031,300,38,4
2060148020,22686,4245,2613,644,147,1
2050142019,1050,1635,801.92,109,60,0
2050142014,2330,1047.26,580,143,52,0
2060142030,4800,3948,2397,162,12,4
20601110056,1794,799.6,665.52,115,58,0
20601110003,306.78,306.78,160.33,66,28,0
2060122016,444,488.92,250,40,16,0
2060111039,333.2,333.2,309.64,74,33,13
2060124009,646,453,350,108,0,2
2060121023,700,710.9,463.54,128,30,1
2060144002,6000,2897,1500,186,108,2
2060141131,1255,2538,1530,240,130,11
2060141213,982,2767,859,227,87,0
2060141035,2907,7329,4147,781,122,10
2060141075,1668,2890,1922,251,56,8
2060146013,3162,1726.14,1012,162,10,3
20601110031,895,1106,815.59,152,128,4
2060111012,2430,638,477,87,52,0
2060141074,5880,6508,3874,561,110,13
20601110036,630.73,1075.78,810.56,156,63,2
20601110001,1572.9,2550.25,2277,350,66,9
20601110051,1361,1662,632.77,119,20,40
2060141216,2850,3079,865,238,77,2
2060141256,4250,3408,1664,372,102,5
2060141132,2095,1702,856,161,63,5
2060141223,2993,5865,2959,465,170,4
2060141047,3816,4932,1672,0,0,0
2060141104,6313,4080,1556,406,122,3
2060141232,1530,3982,1826,313,106,2
2060145045,2316.07,2163.31,1002.58,220,62,2
2060121018,668,982.79,449.28,214,100,2
2060122018,340,675.36,337,64,33,1
2060141080,3368,2670,1410,352,36,1
2060146048,2000,4424,833,131,70,6
20601110032,998.4,527.51,330.9,62,20,5
2060146016,3401,1025,501,36,0,0
2060146041,8999.1,1452.84,915,241,20,2
20601110021,1979.6,316.06,266.06,100,100,0
20601110044,582,1030.79,646.31,171,105,2
2020141001,5282.7,6824.41,2387.76,1420,132,10
2060141237,3313,2904.7,940.49,573,182,8
2060141007,4052,8525,2762,1299,30,24
2060141008,6188,7922,2291,506,54,19
2060141173,2425,1930,471,230,45,1
2060141006,58158,13018,3332,1291,82,39
2060141009,8264,13164,3659.23,719,60,22
2060141123,10732,10271,2925,1041,180,16
2060147023,1229,427.92,330.92,124,6,0
2060111029,1644.1,329,245,50,15,6
20601110054,486,771,653.9,140,0,0
2060111087,567.44,3696.58,2994.47,389,175,14
2060141001,11056,8562,3266,820,40,7
2060141003,9572,4136,2529,489,72,13
2060141183,6100,3966,1916,407,160,1
2060141002,3438,2712,1624,357,20,6
2060141168,5123,4337,1854,494,141,2
2060141164,7155,2417,1098,333,90,7
2060141116,1305,1499,906,167,29,1
2060141124,1500,3561,1464,324,40,1
2060141037,4146,1528.8,1065,281,50,0
2060141141,859,797,489,37,15,0
2060141245,5580,3896,2428.2,666,102,1
2060141142,746,666,421,87,33,0
2060141288,3786.8,2003.95,1253.4,261,79,3
2060141181,859.1,1920,690,170,50,0
2060141036,5013,3904,2022,730,70,0
20601110061,872.1,671.04,500.16,105,72,2
20601110058,19783,388.92,337.61,71,16,0
2060141193,4000,2830,1993,474,40,3
2060141021,6916,3737,2635,466,56,10
2060141022,4400,2811,2611,527,40,1
2060141016,11475,4190,2101,389,50,2
2060141017,674,2504,976,400,18,5
2060141158,448,753,439,97,40,3
2060141015,13713,10652,4381,1200,114,13
2060141018,3280,279,279,30,0,0
2060141019,5220,2951,1336,65,18,2
2060141261,1781,1058,885,133,36,1
2060111054,1244.7,568,348,110,12,2
20601110008,2958.5,715,657,140,60,0
2060141175,1751,1291,1001,230,50,5
20601110015,5360,1103.78,999.28,150,36,2
2060141027,8937,2775,1495,453,77,1
2060141025,15538,5059,2642,580,70,15
2060141092,6490,4965,2176,470,90,6
2060141026,2747,2733,1401,266,50,1
2060111058,1653,601.8,579.3,105,48,2
2060131016,5928.8,7012.19,2143.07,447,59,2
2060131008,4546,7815.69,2613.37,418,37,33
20601110011,340.7,340.7,292.09,66,18,8
2060111060,1075.42,457.3,405.11,89,52,10
2060141052,6761.9,6904.75,2644.39,507,226,5
2060141051,7529,7268,3228,410,150,7
2060141065,9455,6961,4240,270,87,3
2060141238,2645,6565.2,3969,350,100,2
2060141276,1978,2185,1800,139,0,0
2060141263,10368.2,1691.27,1155.42,243,49,2
2060141066,16685,5310,2845,824,70,9
2060123037,469,2437.15,369.44,85,25,10
2060141046,3305.8,1941.2,1388,174,68,10
2060142041,11211.8,2996.4,1838.41,209,26,8
2060145016,2317,693,404,40,4,7
2060146035,27583,12078,3336,555,100,14
2050145015,7274,5374,1460,325,14,1
2060149001,24398,7037,3821,847,80,4
20601110073,724,578.59,379.23,111,54,5
2060144023,10495,4456,1394,121,58,7
2060143033,18755,3667,2500,225,25,1
2060141070,2030,6516,6000,520,99,3
2060141242,4000,6450,3553,813,149,12
2060141227,660,1322.72,789.21,210,141,1
2060141050,4000,2201.85,1315,400,120,1
2060141257,1500,2218.45,2129.11,392,108,1
2060141272,6912,844.15,766.94,110,37,1
2060146032,1276,618,375,98,32,8
20601110023,19380.8,573.12,550.72,100,12,0
2060141129,32784,330,310,82,46,3
2060124020,1520,1376,703,170,70,1
2060141100,3693,1544.02,1200,97,8,3
2060141083,2692,1502,1302,150,10,3
2060141143,4503,2486,2286,207,26,1
2060141062,4149,4580,3297,319,49,27
2060144003,7600,2899.98,1696.44,126,28,18
2060141039,1037,1751,1176,400,22,2
2060141040,1508,4152,734.98,144,40,4
2060141146,3500,2010.21,968.9,296,70,9
2060141038,3914,5448.46,2920.43,835,125,175
2060141088,10730,12509,8443,909,200,102
2060141127,5380,741,595,131,76,1
2060124015,3715,2099,1107,218,60,1
2030141009,1843,1843,1651,130,0,0
2060144012,5622,922.6,450.25,134,36,0
2060141286,2000,806,694,92,35,1
2060141230,4222,12599,1621,913,70,10
2060141243,1810,841.72,472.98,169,40,2
2060141233,1073,2983,1743,418,65,1
2060144016,1157,1015,413.5,125,12,3
2060144017,15181,2888.39,1787,413,291,8
2060144039,7129,9037.37,4093.4,829,200,3
2060141122,408,428,143,86,15,1
2060141114,1085,4021,1870,262,137,3
2060141049,18098,1769,1660,196,30,1
2060141251,2400,2765,1832,166,30,4
2060141185,3188,1265,903.24,54,31,2
2060141091,6800,6249,2503,456,86,1
2060141159,7240,1526,1008,190,76,6
2060141099,2252,789,472,140,19,1
2060141084,3306,2057,1952,263,30,2
2060146047,3337,829.65,575.65,103,34,1
2060141097,2970.1,6421.36,2088.8,442,20,20
2060141053,4005,1715,922,271,10,1
2060141118,13200,6607,2074,563,86,21
2060141098,41326,5560,1685,480,52,1
2060141138,1627,2728,1391,270,63,2
2060141190,4328,1981,1095,216,94,1
2060141161,3674,4494,1972,447,75,3
2060131001,966,932.32,587.37,171,35,0
2060145043,6600,2201.67,1215,274,114,6
2060148031,6500,1400.84,840,153,10,2
2060141101,67983,3486,1205.6,329,70,9
2060141198,436,719.29,228.1,170,45,1
2060111063,4853.08,1247.66,720.9,214,50,5
20601110045,793,996.98,883.71,214,71,1
2060111031,688.4,1396.72,1169.92,208,115,3
2060111066,642,1759.05,1069.22,315,50,5
20601110012,2537.81,929.3,661.94,138,51,1
2060111046,987,1766.93,1023.95,297,42,3
2060142008,4067,2583,1768.71,264,60,2
2060111005,8002,5574.45,2458.55,488,104,4
2060148035,4450,1153,543,250,47,3
2060148042,2959,1224,620,214,27,0
2060148025,3715.6,1158.62,497,197,31,0
2060148029,2300,1194,330,350,60,1
2060148037,1684,1097,659,170,25,7
2060147036,2324.5,1496.7,688.76,126,50,1
2060141196,1622,3731,2521,202,55,2
2060141275,1289,2875,1429,207,59,1
2060141086,3944,3902,2805,326,64,2
2060141135,45821,2957,2457,237,40,25
2060141060,36029,3757,2986,340,62,37
2060141061,4347,4070,3014,425,50,44
2060141176,2267,3836,1964,286,40,10
2060141136,2400,3776,2076,351,55,2
2060141064,0,0,0,0,0,0
2060141250,1272,2676,1338,250,55,1
2060141094,51109,1574,1216,110,15,1
2060141087,26167,4160,3560,442,82,41
2060141063,3753,2803,2005,312,29,3
2060145026,390,778.26,443.85,94,9,0
2060146015,3091,706,342,175,20,5
2060146034,2351,1267,694,300,30,3
2060124011,1951.31,2618.77,1517.2,349,100,6
2060124005,34840,5318.55,2401.3,611,100,16
2060141048,7726,4998,2426,572,108,6
2060141111,6013,6387,2891,788,130,8
2060111055,583.2,400.83,400.83,63,7,2
2060111040,1142,2110,1532,379,78,8
2060147014,11837,4826,2890,584,100,2
2060147047,5000.1,3149.99,1807.07,508,84,0
2060147013,4576,2942,2009,422,37,0
2060147039,10063,5258,2536,744,136,3
2060147012,10148,5069,2875,800,100,0
2060147011,6783.4,8395.37,3020.98,799,65,2
2060145044,1500,3753,1720,563,148,1
2060144004,1502,1172,759,200,0,10
2060111030,576,2215,1092.18,161,71,16
2060111003,2540,2205,939.86,291,70,2
2060111084,8984,2190,1078.19,418,109,6
2060141154,3250,4426,1400.86,414,100,2
20601110066,1363,1073.08,840.88,133,81,1
2060122017,1988,2895.59,1009,241,161,4
2060122001,737.5,1230,527.67,246,67,7
2060122006,1302.7,2040.3,1025.56,136,52,5
2060122002,821.9,1979.4,1286.55,301,80,10
2060144007,2640,997.56,585,177,50,6
2060144025,12931,4485,3081.2,650,150,12
2060144008,2421,987,431,110,16,0
2060122015,1950,936.88,405.66,160,40,2
2050125001,4500,4990.43,2722.35,434,107,1
2060111085,2812,2930,1929,601,157,6
2060111008,4399,3215.95,1956.29,398,76,7
20601110042,303,303,303,92,8,2
2060142044,2706.3,3511.58,1805.86,357,161,23
2060142009,12112,2018.39,1412.87,306,40,0
2060142010,4694.42,2344.31,1436.3,151,45,0
2060143023,2654,1993.65,399.76,200,80,28
2060111041,1090,1184.85,1062.36,158,92,8
2060147028,3727,2322,1281,339,39,0
2060147018,4427,1682.27,1019,97,12,0
2060147017,4000,2530,1702,414,24,4
2060111086,1987.8,751.36,581,191,22,2
2060148032,5047,1140.88,671,89,24,0
20601110025,940.2,441.8,320,70,5,8
2060121029,1240.15,1240.15,1103.3,300,270,6
2060141013,6259,4055,3917.24,442,213,1
2060141212,2411,414,319,80,20,0
2060141210,4650,617,572,150,116,0
2060141012,7317,2974,2024,480,16,1
2060141125,5486,5426,4052,690,63,2
2060141188,4302,3920,1608.94,382,139,1
2060141266,3443,5231,2319,356,125,3
2060141011,3553,2450,1546.97,450,30,1
2060141234,2380,1494,920,260,102,1
2060141211,16739,2147,2049,286,71,6
2060141010,4961,4396,2376.78,646,102,3
2060149005,8859,1424,955.93,258,46,8
2060149006,7927,1300,573,198,30,16
2060149003,20882,3415,1648,325,70,2
20601110020,10624,1528.51,1347.94,250,110,5
2060111081,1320,3591.45,1506,450,124,2
20601110033,2205.5,2985.85,2459.09,575,138,10
20601110007,1134,542.57,361,87,40,1
2060141172,750,775.11,445,130,30,0
2060111024,863,1517.33,1180.95,202,41,1
2060111080,1014,1014,859.32,217,91,7
2060111032,629.1,1482.85,933.22,135,60,11
2060111088,1920,1189.55,709.84,229,110,2
2060111016,1019.4,944,633.16,214,32,4
2060111068,485,511.25,287.3,111,10,2
2060122011,2080.1,2991.98,1922.64,282,154,9
2060122008,6138,5651,3358,455,149,12
2060141156,3460,2692,1423,390,145,2
2060141224,2108,3913,1714,437,86,3
2060141167,5548,4000,1969,350,90,4
2060141005,4530,4480,2711,745,150,6
2060141004,2634,4587,2445.8,470,60,14
2060141169,8637,4930.45,1827.67,447,166,8
2060111069,990,951,618.23,234,19,6
2060146036,26160,5026,1315,473,60,12
2060146042,18742,5681,2225,770,65,5
2060141252,1597,2993,1808,363,77,0
2060147010,1385,1898,1693,123,18,0
2060147041,6752,3469.92,189.26,354,50,1
2060141192,1933,3889.63,1554,419,100,20
2060141117,1000,3244,1256,590,94,2
2060141202,1047,2688,1172,289,60,1
2060141152,1314.55,499.81,250,110,30,3
2060141153,2215,1045,696.6,119,30,0
2060146003,1820,1146,823,136,40,0
2060146005,1516,1230,841,87,16,0
2060146004,30311,3735,1889,363,42,3
2060146006,2178,1558.32,783.96,253,76,0
2060146002,8782,3546,1956,369,81,7
2060146029,19587,2274,1574,266,51,0
2060146045,7120,5622,2414.98,476,106,8
2060145014,1653,1213,796,80,22,4
2060145013,4830,889,600,85,30,10
2060145030,54118,2410,1393,260,34,10
2060131005,611,1214.32,742.86,108,11,0
2060131007,712.7,1522.3,672.23,177,21,2
2060131004,1049,2447,1073.5,429,185,3
2060131003,4690,1490,846.67,296,30,10
20601110057,679,348.24,290.64,100,35,0
2060142007,17438,9890,5796.97,1350,274,10
2060122021,897,1293.64,605,75,36,1
2060141222,2000,1385.95,1087.97,230,51,5
2060141165,4515,3484,1926.97,517,76,5
2060145041,885,542.99,27.59,50,42,4
2060145027,9963,6143,3956,1067,181,11
2060145029,7902,3743,887,718,25,0
2060145037,2694,422.06,299.8,100,20,0
20601110055,3637,733,620,98,86,0
2060145018,1434,892,600,100,33,6
2060146039,3199,609.3,306.9,60,34,0
2060146040,8525,627,372,90,30,0
2060146028,57918,2925,1548.96,262,128,10
20601110038,622,584.83,338.2,60,25,2
2060145035,5359,1472.84,906.58,225,31,3
2060145002,3154,2536,860.14,215,44,0
2060145004,20580,2799.19,1692.36,383,102,0
2060145024,2016,2594.3,1486.72,357,105,0
2060145005,5277,3367,1927,346,42,1
2060145001,7424,4729,3020.5,335,38,3
2060145003,5596,2538.51,1516.96,281,95,0
2060145028,15152,2964,1615.77,415,24,8
2060145036,2500,3233,1161,602,85,6
2060145006,13692,3503,1736,300,112,4
2060143010,15331,2055,1219,48,0,0
2060111001,3307.7,5106.36,2684.49,838,67,12
2060148005,14545,3782,1974,426,48,6
2060148004,12807,2534,1447,397,16,4
2060143020,9881.4,2752.82,1332.96,375,104,10
2060142005,5134,1570,1250,194,64,1
2060143003,41460,275,275,13,0,0
2050143001,18469,5988.76,2135.89,90,60,3
2050143002,24624,581,581,60,24,0
2060142035,1361,908.29,470.46,160,33,2
2060144019,1663,743.22,467,40,4,1
2060144032,3735,2773,1271,128,20,2
2060148014,3022,886.31,444.91,152,16,10
2060148030,5155,2001.39,1013.78,77,52,1
2060142016,1516,1618,896,80,24,6
2060142029,493.29,474.21,439.5,128,51,2
2060142015,1277,1174.77,715.5,141,48,8
2060141214,4041.8,1116.97,790,215,121,1
2060141032,4841,4200,2008,676,77,2
2060141178,853,729,660,90,45,4
2060141155,5914,2813,1221,571,100,2
2060141186,75770,999,720,148,39,0
2060141031,2000,969,500,215,26,0
2060141166,6648,1078,480.5,85,10,0
2060141248,1998,998.34,528.41,61,10,2
2060141106,3992,1985,1022.5,291,57,2
2060141151,1610,1127,687.75,137,12,1
2060141076,1745,1999,824.9,164,55,0
2060141134,6815,4919,326,561,66,4
2060147025,928,1859,1656,180,66,2
2060147040,1248,1171,781,116,20,1
2060147002,7259,1743,1142,345,10,2
2060147003,5686,5029,2463,386,190,2
2060111044,435.8,852.45,592.83,195,51,4
2030122003,989,1174.03,1139.26,120,20,10
2060141269,508.74,1526.24,1148.6,400,25,2
2060148036,8137,1914.71,933,31,15,4
2060121021,1384.8,2996.75,1616,160,75,2
2060141042,4556,4499,2232,756,74,5
2060141044,49171,2620,1477,309,34,5
2060141105,2394,4574,1825,737,108,21
2060141043,6612,1965,1017,186,15,3
2060141139,8070,3907,1643,362,69,31
2060141147,1713,567,341,83,8,1
2060141195,43268,2931,1379,131,71,5
2060141041,4423,4506,1458,359,62,4
2060146026,1455,452,145,5,0,0
2060141082,7485,3602,3402,341,55,3
2060141264,585.08,471.82,388,92,35,0
2060141163,2628,3983,2075,296,46,15
2060147043,8287,4891,1977,416,136,6
2060141095,2501.2,3215.59,2179,329,100,1
2060141112,3000,5454,1154.8,245,38,2
2060141103,3920,4010,1945,297,52,4
2060141069,1322,2848.6,1411.75,282,78,3
2060141110,3172,6307,2755,322,33,6
2060141208,788,1956,795,286,74,5
2060122007,4032,2469,1404,230,57,7
2030122006,322.36,322.36,263.66,95,60,0
2060111053,329.06,329.06,292.66,68,20,0
2060111064,602,343,301,70,17,0
2060122005,1720.4,4515.9,3694.4,454,118,21
2060122010,411.85,271.28,247.88,77,48,2
2060148045,36757,3008,1427,295,150,0
2060148040,14124,2108.96,1059.35,221,88,1
2060148034,1527.3,995.78,804.39,318,65,0
2060148017,19835,5582.24,3056,1200,150,4
2060148027,16735,6560,3283,1317,169,18
2060141177,8342.9,5317.14,2117.34,370,50,6
2060145040,3397,4042,3414,324,69,0
2060141030,2210,2616,1497,460,84,3
2060141209,3842,1209,686,130,70,0
2030111001,1930.54,7301.21,6100.19,177,12,0
2060148009,1728,1438.7,640.52,109,50,1
2060148019,1538.5,2441.32,991.55,406,40,4
2050147029,42386,604.22,604.22,70,40,2
2060141058,24080,10027,8660,840,300,18
2060824004,1701,1462.17,715.54,150,100,1
2060111048,1323.7,2040.31,1710.98,454,95,10
2060111049,918.19,918.19,665.61,228,66,3
2060122014,358,693.52,572.22,69,42,3
2060125001,16151,22518,9115.95,2057,148,54
2060111090,883,3142,1374.75,197,36,1
2060111025,1161,3094.2,2010.33,167,37,1
2060147044,1519,1205.18,568.52,276,42,0
2060121031,1023.4,2200.39,854.82,190,50,10
2060141115,1027,3907,1349.93,226,140,1
2060141014,595,1593,865,258,46,0
2060141089,1392,3200,1736,577,80,10
2060149004,13189,1624,511,170,40,4
2060111038,5965.76,469,447,100,30,0
2060141171,3057,9824,3248,958,142,10
2060141239,3226,2929,1780,480,114,1
2060141126,4676,3969.84,2321.31,582,78,6
2060141200,5467,3611,1725,354,136,3
2060146007,5276,2332,626,175,120,55
2060146008,6333,4114,1537,556,39,2
2060146051,31109,3346,1469,267,0,0
2060141078,6073,2606,1620,200,80,2
20601110068,594.3,817.42,471.76,78,27,0
2060141205,3248,706,409,67,43,1
2060142045,2179,1506,852,204,0,0
2060141268,2204,704,626.5,104,36,0
2060123031,2501,3118.58,1504.63,266,100,2
2060144013,2290,1448,768.3,145,15,2
2060145033,1882,1584.9,1424.3,259,131,0
2060143015,6461,1629.81,1235.25,100,20,10
2060142034,12662,4676.2,2523,479,112,2
2060142036,1131,774.65,629.65,87,18,7
2060141225,13046,5132,2577.41,755,80,5
2060147042,16053,2509,783,210,100,0
2060141254,12946,739,651,122,76,1
2060111057,460,460,346,68,12,2
2060141279,21501,12806,3124,560,279,5
2060122022,689,301.5,255.61,62,48,4
2060122004,338.55,338.55,273,53,10,1
2060144045,914,2944,1378.15,338,51,1
2060144038,83810,2291,1510.5,243,157,3
2060148041,1661,2204,1092,280,78,0
2060141102,2934,1497,815.61,167,14,1
2060123010,4016.02,1464.08,1140.71,185,80,3
2050121006,1602,1496.5,725.78,171,13,1
2050141008,2995,5579,3385,840,190,1
2050141005,690,1192,593.6,239,24,9
2050141003,1561,1139,788,210,40,5
2050141007,6633,3825.43,2757.83,465,158,3
2050141001,2216,2360,1325,184,26,8
2050141011,4959,14900,9266,913,196,19
2050141002,2938,1497,901,228,37,2
2050141004,1662,1418,945.93,270,66,1
2050141009,4552,2372,1409,234,37,4
2050147028,6817,6442,2952,691,47,2
2060141059,11118,4457,2764,192,44,11
2060124001,12488,9145,2902,643,20,25
2060124002,3252,5110.49,1553.57,535,30,7
2060124003,1823,4531.69,1459,516,28,10
2060124008,3723,1714,905.05,279,100,1
2060147031,4503,3716,2090,608,51,1
2050122001,10034,6345,4263,519,120,4
2060145011,2327.3,1022.1,779,145,54,0
2060145010,890,999.91,348.4,20,0,0
20601110026,1200,2064.91,1064.74,220,41,12
2050122010,14659,6485,4265,475,247,3
2050122005,18082,7533,4008,1351,93,25
2050122011,2306,1861.49,1007,356,80,2
2050122003,5048,7396,4695,1108,64,25
2050122009,8211,3461,1798,343,55,6
2050122008,6598,4633,2425,570,250,3
2050122006,16372,7025,4305,565,164,12
2050122007,3840,5827.2,2404,459,89,20
2060141081,1300,2019,1081,215,0,0
2060145020,32544,2000,1285,208,60,2
2050121007,1850.89,1314.46,864.89,224,66,7
2050121009,9737,7402,3366.73,541,74,14
2050121012,827.9,1699.65,969.47,229,24,5
2050121005,1152,1803,916.06,325,24,9
2050121004,4112.1,2704.09,1605.5,348,36,12
2050121010,4302,1765,1007.8,318,124,15
2050121008,1878.6,1071.88,579.3,176,28,2
2050121001,11443,12513,7381,1410,110,4
2050121011,1527,1370,1066,323,59,3
2050121002,22466,6260,2737,788,44,18
2060141267,6164.3,6206.24,3574.61,781,164,1
2060141285,337.9,475.23,429.89,72,29,0
2060143027,7536.4,1828.66,1030.27,134,44,3
2060141218,22086,4577,2225.09,632,110,6
2060146031,4950,2292,961,308,40,1
20601110030,1243.8,511,346.34,80,20,1
2060123007,29856,2986.54,2369.47,317,66,14
2060123006,605.32,2150.3,1028.58,331,24,10
2060123001,5310,13099.65,7808.03,607,40,4
2060111047,1263,2032,762,247,110,10
2060111019,1167.1,1234,733.3,180,18,9
2060148033,1058,1058,858,130,46,0
2060143029,1342,988.54,564.01,67,12,0
2050143016,12467,6932,2272.61,164,25,3
2060147026,4468,1210,1139,114,8,2
2060147001,6815,9812,6525,598,117,9
2030122005,390,264.92,231.92,75,35,0
20601110053,3046.7,2646.91,2207.28,189,109,5
2060141270,5950,492.81,398.9,89,20,5
2060144046,2072.6,4593.75,1768.62,527,119,0
2060145032,1850.5,1389.37,658.57,100,80,20
2060141259,8086,818,482,127,55,2
2060145008,8669,4958,1646,453,201,16
2030111009,3174,278,231,70,20,0
20601110063,764,1994.62,1540.88,170,92,8
2060111006,692,1777.39,861.81,164,18,2
2050141010,3390,2092,1140,131,69,2
2060122012,687.18,847.64,523,253,53,4
2050121014,4970,8555.4,2180.93,595,125,5
20601110062,4969,1632.24,1184.43,245,55,19
20601110043,2659.7,378.13,245.43,80,30,0
20601110005,510,510,426.7,105,49,1
2060141028,357,264,204,64,61,3
2050146004,4981,4134,2206,700,90,24
2050146008,2000,1940.02,759,420,94,15
2050146002,6631,6288,3381,470,80,27
2050146003,1280,1261.48,688.48,287,40,8
2050146006,4795,2794,1889.91,576,130,10
2050146001,4720.8,5843.7,3069.3,780,136,90
2050146015,1613,1011.84,780.84,288,30,10
2050146010,1029,1047.42,628,284,45,5
2050146009,4876,2642,1487,560,46,4
2050146017,3073,2590.72,2428.32,510,60,20
2050146014,3795,800.69,547.39,312,76,2
2050146018,6720,3661.96,2132.13,1000,320,2
2050146012,1730,1448.34,882.8,355,60,7
2050146019,2921,2265.2,1226,450,100,36
2050146016,1630,820.1,538.9,260,50,5
2050146013,2198,2257.04,710,300,70,3
2050146011,4241,1755,1414.72,600,50,4
2060145015,3342,837,590,100,20,0
2050144017,26770,12267,4772,358,145,6
2060141077,6600,611,252,68,20,0
2060147035,606.06,606.06,606,43,43,0
2060141231,13002,1696,1508,343,55,4
2060141255,12344,1790,1553,280,110,2
2060141241,14844,1330,1210,204,73,2
2060141249,282284,2192,1435,218,71,6
2050148012,3665,3004,2135,638,86,12
2050148023,1411,974,697.54,161,20,0
2050148018,2017.9,2750.61,1813.49,240,81,4
2050148007,7560,6679,3429,625,191,16
2050148016,1650,1246,833,120,34,4
2050148019,1071,1374.43,925.17,58,37,1
2050148002,13105,4662.64,3249,827,336,11
2050148009,1720,1104.42,694.56,273,20,15
2050148006,2309,1691,1067,237,42,4
2050148021,1497,1299.9,889.2,147,53,11
2050148017,3000,3094.47,1616.7,242,72,1
2050148013,3323,1851,1100,139,60,8
2050148003,4081,1423,627,288,42,2
2050148011,1000,1233,756.32,232,50,3
2050148008,6782,1324.43,822,181,30,1
2050148015,5796,2328.41,1374.52,150,100,5
2050148001,15999.7,8375,4633.81,417,158,21
2050148004,1650,1609,1073,251,77,5
2050148010,1382,1019,695,221,50,0
2050148020,4844,1753.58,1058.39,136,44,2
2050148014,4300,2464.38,1935,459,94,2
2050148022,1387,1318,694,186,33,3
2050148024,8847,1278.12,729.78,258,22,6
2050147021,3519,1731.16,934.36,176,34,32
2050147001,6470,4722,2978,590,120,22
2050147012,990,1218.45,794,200,70,22
2050147025,940,1022.64,574,300,24,4
2050147003,7628,3898,2316,1208,90,40
2050147023,5365,2292.82,1249.05,510,60,9
2050147002,4827,4380,2705,1276,200,72
2050147019,2743,3177,1815,368,82,1
2050147018,1800,1125,113,113,23,1
2050147004,1826,1086,780,160,50,0
2050147024,245.46,245.46,118.8,6,3,3
2050147008,2121,938,588,300,89,6
2050147027,731,633.48,492.09,70,20,0
2050147026,2263,1672.85,1006,350,20,7
2050147016,6716,2966,1905,550,60,6
2050147006,2203,1454.41,992.31,313,30,1
2050147020,3724,2813.59,1972,510,90,5
2050147017,4111,1387,865.9,350,48,150
2050147022,2836,1242.45,787.29,507,20,1
2060141157,6663,5352.31,2097.83,549,117,1
2060123025,351889.5,2619.38,1779.66,319,75,4
2060123024,23509.2,2218.06,1249.96,220,75,4
2060123026,693252,4402.55,2056.82,395,30,4
2060149013,22820,4823,3348,298,89,34
2050141006,1841,1494,746,236,50,1
2050124001,3587.8,3939.1,2492.55,393,97,2
2060125004,22767,2800.35,1365.75,194,43,2
2060125002,2134,2467,903.66,233,56,15
2060125005,355.2,468.72,356,73,19,1
2060121022,10052,1536.09,1043.91,210,49,4
2060111017,757,2765,1182,149,38,2
2050111001,1079.1,1631.41,1534.2,202,36,8
2050111002,3196.2,3102.26,2654.65,663,111,7
2050111003,3576,4014.15,4014.15,452,70,28
2050111004,7482,2377,1970.44,443,94,3
2050111005,3305.8,5437.66,4127.77,528,88,7
2050111006,1737.5,2537.6,2258.32,356,30,10
2050111007,13316,9409.9,8969.34,567,0,1
2050111008,2024,2743,2406.4,337,42,4
2050111010,1721,1974.33,1740.79,233,36,2
2050111012,6469.68,8259.7,5953.58,894,109,14
2050111013,4244,6864,5759,870,120,8
2050111014,1736,6946,5539,426,70,20
2050111015,36470,13282.09,11177,886,62,28
2050111016,2914.5,3543.1,3035.2,567,0,5
2060145007,2910,3959,1407,130,70,6
2050123007,5500.1,6059.18,3541.39,947,117,47
2050123003,5663,3374,2640.5,469,60,13
2050123001,9362.8,8098.3,4934.02,860,64,24
2050123006,6609,7757,3923,965,222,12
2050123008,6354.1,5343.98,3116.67,1183,80,24
2050123004,6611,4996.56,2543.13,835,100,16
2050123002,3979,5506,3443,888,96,89
2060144042,9457.21,2852.73,2324.42,467,140,1
2060141273,1630,1859,1409.37,250,115,70
2060141071,1387,447,392,54,0,0
2060141072,2593,1163,813,85,37,0
2060141073,2238,1080,995.41,152,0,0
2050148005,2216,1606.4,1022.15,288,20,1
2060122027,1237.56,437.99,400.44,106,20,0
2060122013,1621,565.15,502.49,79,14,3
2060124018,2518,1113.6,755.3,89,2,1
2060125018,107.46,511.02,457,71,33,4
2050111009,991.74,4352.09,3650,323,46,8
2050111011,4322,3909,3619,567,56,8
2060122025,479.81,479.81,361.56,137,0,0
2050123005,2012,3604,2791,662,59,9
2050146020,9075,694,678,152,100,14
2050146005,9185,712,589.88,65,46,6
2050144016,12097,2408,1716,350,60,1
2050144015,6804,6599.76,2379.37,288,62,1
2050144018,16838,3421,1664,266,74,2
2060141246,11515,1774,1654,168,56,3
2060141197,11002,2965,1839,464,199,10
2050147005,5999.9,4785.41,2367,1040,220,21
2060141247,1843,4877,3624,578,130,2
2060123023,516.35,516.35,450.74,76,0,2
2050124003,6503,7105.27,2837.41,1195,50,15
2050121003,1345,1462,1105,261,22,22
2050146007,1987,1978.98,1168.7,318,20,12
2050146021,29999,9035.43,3607.6,730,210,10
2050145006,6174,1128,799.2,87,35,1
2050145012,1600,1007.7,601,159,20,1
2050145005,1310,2021.15,1144.13,276,37,2
2050145009,1520,1364,1038,176,45,1
2050145008,618.9,624.08,409.34,155,21,2
2050145011,3098,1065,721,108,18,1
2050145004,2270.8,1464.08,949,65,7,1
20601110067,549,455.48,434.52,84,57,2
2060141120,40397,6464,6250,1066,60,6
2060141287,170312,3317,2277,347,129,3
2050148027,1620,1197,823,200,42,3
2050124004,14876,18350,2655.26,434,146,20
2050144001,1618,1069,662,407,15,10
2050144002,1329,965,543,184,40,0
2050144003,1718,1169,748.2,154,32,3
2050144004,3145,2264.86,1056,327,97,3
2050144005,2341,1663,731,105,28,4
2050144006,3096,1013,565,109,49,1
2050144007,4073,986.25,795.18,125,10,1
2050144008,2450,1175,564,100,48,0
2050144009,2109,866.25,514.45,30,25,5
2050144010,2170,1227,929.05,180,41,1
2050144012,10302,1602,931,139,53,3
2050144013,4147,2391.68,1329,366,64,1
2050144014,2240,1825,1003.26,264,31,3
2050144019,3992,1697,1080.04,123,59,2
2050144020,4173,2596.44,1539.99,258,76,2
2050147013,1040,802.98,536.88,290,25,4
2050147007,2671,2077.56,1497.56,418,75,4
2050147010,2800,1333,787,350,44,2
2050147014,2068,894,605,200,14,0
2050147015,5781,2205,1177,512,60,0
2050144011,2826,4566.38,1733,238,30,1
2050146022,27055,775.37,685.46,125,40,10
2050148026,13485,3479.92,2118,717,250,10
2050148025,3697.5,2642.36,1131,492,248,17
2030141002,55661,648,621,65,42,0
2050124005,3360,3310,1464,248,44,6
2050124002,65837,13783,5274,763,190,15
2050147011,4864,1002.42,563.4,350,60,6
2050111017,9507.3,3853.64,3408.23,1007,29,5
2050111021,3055,4223.46,3986,635,40,7
2050111018,4400,9716,6615,880,132,44
2050145017,14036.33,4219.68,2996.75,321,94,4
2050145018,8099.1,4975.3,3743.02,162,76,4
2050145003,15087,7412.06,4063.28,124,14,0
2050145010,9544,2177.4,1803.74,240,50,0
2050145001,10704,7175,4563,225,60,0
2050145016,24432,7234,4706,653,80,4
2050111020,3240,6804.7,4428.57,468,106,10
2050124006,4142,2240.73,574.66,353,36,0
2050111019,1157,1808.89,1669.18,261,46,3
2050145014,1202,776.16,725.76,20,10,1
2050145007,937,565.85,360.87,47,21,0
2050145013,1781,740,453,64,10,0
2050145002,1569,1184,679.5,233,16,0
2030141008,8089,550,530,65,30,6
2060811018,5600,370.25,344.63,100,　,0
2060845002,2776,2284,1054,124,　,1
2030842001,459,501.61,469,70,　,0
2060811007,341.87,341.87,260,56,　,0
2060846003,7242,2132,1194,166,　,4
2060843004,3840,3409.02,1681.87,250,　,10
2060821005,2438,1289.18,874.47,264,　,25
2060846004,5889,1469.43,949.02,160,　,0
2060811020,1077.78,658.97,479,120,　,3
2060844001,1717,528.52,373.16,100,　,0
2060811003,1010.9,577.81,498.33,100,　,2
2060848006,2783,1458,1050,300,　,0
2030821001,4187.23,414,414,42,　,0
2060848010,1021.2,1463.44,1038,170,　,5
2060811001,1140,1361.88,971.27,113,　,3
2060822001,1008.75,1380.76,657.28,80,　,2
2060811016,378,252.91,179.93,56,　,2
2060811017,1500,1489.27,811.22,120,　,2
2060831002,371.48,371.48,284.77,122,　,0
2060846002,3721,2177,622.47,108,　,0
2030841001,15042,427,383,120,　,0
2060823010,319.4,365,342.36,70,　,0
2060823001,1300,926.21,653.41,120,　,0
2050825001,3215,2318.55,1591.15,302,　,2
2020125001,859.5,560,488.08,150,　,0
2060822002,700,1793,1232,91,　,2
2060844003,24618,2914.88,710.18,245,　,0
2060811006,700,1273.17,825.37,250,　,0
2060846001,4204.4,1890.62,1216.62,315,　,0
2060841004,1398,3280,1870,230,　,2
2060831003,12896.7,533.23,335,113,　,0
2060824002,3851,814.12,714.01,120,　,10
2060811025,1106,416.47,367.7,100,　,0
2060811029,496,483.82,428.52,16,　,0
2060821001,636,1091,572,88,　,0
2060821004,22770.2,827.95,461.81,90,　,0
2060841017,1030,997,644,85,　,0
2060845001,1687,1274,1130,80,　,0
2060843002,4895,1069.53,591.77,180,　,1
2060848002,2504.8,842.08,390.53,200,　,0
2060847001,1822,1120.8,606.72,65,　,3
2060843001,4209.1,968.53,632.67,248,　,2
2060811030,1261,1990.3,331.43,127,　,0
2060843005,4975.5,496.78,496.78,21,　,1
2060842001,1169,882.26,750.26,120,　,12
2030841002,1362,355,355,60,　,0
2060811015,256.99,346.34,316.99,80,　,0
2030848001,600,309.11,280.99,100,　,2
2060811005,1100,855,591,244,　,3
2060111045,869.7,1497.59,998.07,272,　,2
2060111043,1544,444,365,105,　,3
2060841003,1612.5,2666,1496,324,　,0
2060848007,15629,904.52,538.92,58,　,0
2060811022,1500,995.69,530.37,180,　,0
2060849002,16190,911,537,80,　,2
2060811026,29682.2,445,437.13,70,　,2
2060821007,2640,949.97,448.57,125,　,0
2060841001,5100,2565,1779,314,　,0
2060811023,693.68,693.68,625,110,　,3
2060841023,6392,3539,1057,200,　,1
2060849001,2126,728.21,378.12,100,　,0
2060811014,1021,977.8,872.99,303,　,10
2060841002,4107,2447,1287,303,　,1
2060841008,3050,2687,1321,220,　,0
2060823017,531.03,385.84,369.1,48,　,2
2060848008,60.9,265.34,190,80,　,0
2060821002,3276.4,2009.5,70,10,　,0
2060841016,11168,2158,331,280,　,1
2060811032,1506.7,696.86,267.35,73,　,1
2060848011,7006,1228.5,987.9,135,　,1
2060811012,578,274,226.62,65,　,0
2060821006,1426,842.55,499.05,90,　,2
2060811021,3704,373,334,68,　,8
2060823011,908,1702,1403,184,　,15
2060811019,541,772,613,80,　,0
2060847002,4850,2176.96,1139.32,223,　,1
2060841006,3192,2018,788,250,　,2
2060124010,2268,1398,1113,200,　,13
2060811031,216.8,368.91,336,0,　,0
2060831001,891,767.88,433.05,172,　,0
2060822005,2560,976.73,451.66,122,　,1
2060822004,642,307,198,40,　,1
2060811013,880,441,337,50,　,0
2060811008,287.9,719.69,361.47,82,　,0
2060811024,18571.52,269.93,203.74,71,　,4
2060841022,3602,10560,1277,264,　,0
2060841024,8046,6273,1486.24,740,　,0
2060849003,14926,1317,597,130,　,2
2060848001,1429.5,1112.14,585.64,182,　,2
2060843003,1236,990,392,121,　,5
2060841018,1796,2187,1339,209,　,1
2060841010,1500,2050,1778,94,　,4
2060841012,1050,1688,1356,134,　,3
2060841011,1002,1688,1316,110,　,1
2060845003,860,1454,901.99,168,　,2
2060841005,3730,2196,1956,441,　,0
2060841027,520,1782,805,204,　,11
2060841020,1508.6,999.02,633.68,72,　,0
2060821003,806.05,905.85,617.78,128,　,0
2050823001,14815,10267,4518,90,　,20
2050811001,6611.5,3796.63,3646,356,　,5
2060844002,71952,1815.47,1623.81,270,　,1
2060841026,10222,729,640,100,　,2
2060841015,13593,1628,699,100,　,5
2060841021,47003,1619,804,78,　,2
